COV #,
40225,
40226,
40227,
40228,
40232,
40233,
41286,
40451,
40237,
40238,
40240,
40236,
40284,
40281,
40282,
40283,
40234,
40459,
40259,
40260,
40262,
40263,
40261,
40134,
40138,
40140,
40143,
40146,
40148,
40391,
40264,
40152,
40266,
40268,
40155,
40267,
40163,
40165,
40159,
40164,
40156,
40124,
40129,
40254,
40255,
40257,
40256,
40258,
40441,
40280,
39534,
40223,
40172,
40173,
40175,
40176,
40178,
40179,
40181,
40183,
40184,
40185,
40186,
40188,
40190,
40193,
40199,
40201,
40202,
40270,
40275,
40276,
40269,
40271,
40272,
40273,
40274,
40170,
40169,
40171,
40180,
40189,
40415,
40195,
40305,
40405,
40204,
41235,
40206,
40207,
40432,
40277,
40211,
40212,
40214,
40307,
40278,
40279,
40028,
40112,
40113,
40114,
40115,
40455,
40086,
40087,
40088,
40089,
40090,
40142,
40135,
40031,
40033,
40091,
40092,
40093,
40094,
40095,
40096,
40297,
40166,
40080,
40081,
40082,
40083,
40084,
40085,
40285,
40130,
40110,
40111,
39528,
40063,
39962,
39963,
39964,
40097,
40098,
40099,
40100,
40101,
40102,
40103,
40104,
40105,
40174,
40302,
40304,
40053,
39958,
40106,
40107,
40108,
40109,
,
,
